{
"lengthUnit": "mil",
"remark": [],
"components": {
	"fields": ["COMPONENT_NO", "COMPONENT_NAME", "LAYER", "X_COORDINATE", "Y_COORDINATE", "ANGLE"],
	"rows": [
		[1, "REF_", "T", 2453.5, -2544.5931, 0],
		[2, "REF_", "T", 9146.4567, -5606.2992, 0],
		[3, "REF_", "T", 2453.5433, -5606.2992, 0],
		[4, "REF_", "T", 7930, -2575, 0],
		[5, "REF_", "T", 8455, -2575, 0],
		[6, "REF_", "T", 9146.5, -2544.6, 0]
	]
},
"pins": {
	"fields": ["PIN_NO", "PIN_NAME", "PIN_X", "PIN_Y", "LAYER", "PIN_TYPE", "NET_NAME", "NET_TYPE", "PAD_SHAPE", "PAD_SIZEX", "PAD_SIZEY", "HOLE_SIZE", "HOLE_LEN", "PAD_ANGLE"],
	"rows": [
		[1, "REF__999", 2453.5, -2544.5931, "T", "DIP", "NET_1", "", "C", 125.9843, 125.9843, 125.9843, 125.9843, 0],
		[2, "REF__999", 2453.5, -2544.5931, "B", "DIP", "NET_1", "", "C", 125.9843, 125.9843, 125.9843, 125.9843, 0],
		[3, "REF__999", 9146.4567, -5606.2992, "T", "DIP", "NET_2", "", "C", 125.9843, 125.9843, 125.9843, 125.9843, 0],
		[4, "REF__999", 9146.4567, -5606.2992, "B", "DIP", "NET_2", "", "C", 125.9843, 125.9843, 125.9843, 125.9843, 0],
		[5, "REF__999", 2453.5433, -5606.2992, "T", "DIP", "NET_3", "", "C", 125.9843, 125.9843, 125.9843, 125.9843, 0],
		[6, "REF__999", 2453.5433, -5606.2992, "B", "DIP", "NET_3", "", "C", 125.9843, 125.9843, 125.9843, 125.9843, 0],
		[7, "REF__999", 7930, -2575, "T", "DIP", "NET_4", "", "C", 118.1102, 118.1102, 118.1102, 118.1102, 0],
		[8, "REF__999", 7930, -2575, "B", "DIP", "NET_4", "", "C", 118.1102, 118.1102, 118.1102, 118.1102, 0],
		[9, "REF__999", 8455, -2575, "T", "DIP", "NET_5", "", "C", 118.1102, 118.1102, 118.1102, 118.1102, 0],
		[10, "REF__999", 8455, -2575, "B", "DIP", "NET_5", "", "C", 118.1102, 118.1102, 118.1102, 118.1102, 0],
		[11, "REF__999", 9146.5, -2544.6, "T", "DIP", "NET_6", "", "C", 125.9843, 125.9843, 125.9843, 125.9843, 0],
		[12, "REF__999", 9146.5, -2544.6, "B", "DIP", "NET_6", "", "C", 125.9843, 125.9843, 125.9843, 125.9843, 0]
	]
}
}